[{"model": "contenttypes.contenttype", "fields": {"app_label": "admin", "model": "logentry"}}, {"model": "contenttypes.contenttype", "fields": {"app_label": "auth", "model": "permission"}}, {"model": "contenttypes.contenttype", "fields": {"app_label": "auth", "model": "group"}}, {"model": "contenttypes.contenttype", "fields": {"app_label": "auth", "model": "user"}}, {"model": "contenttypes.contenttype", "fields": {"app_label": "contenttypes", "model": "contenttype"}}, {"model": "contenttypes.contenttype", "fields": {"app_label": "sessions", "model": "session"}}, {"model": "contenttypes.contenttype", "fields": {"app_label": "books", "model": "book"}}, {"model": "contenttypes.contenttype", "fields": {"app_label": "books", "model": "category"}}, {"model": "contenttypes.contenttype", "fields": {"app_label": "books", "model": "tag"}}, {"model": "contenttypes.contenttype", "fields": {"app_label": "books", "model": "genre"}}, {"model": "contenttypes.contenttype", "fields": {"app_label": "sites", "model": "site"}}, {"model": "contenttypes.contenttype", "fields": {"app_label": "account", "model": "emailaddress"}}, {"model": "contenttypes.contenttype", "fields": {"app_label": "account", "model": "emailconfirmation"}}, {"model": "contenttypes.contenttype", "fields": {"app_label": "socialaccount", "model": "socialaccount"}}, {"model": "contenttypes.contenttype", "fields": {"app_label": "socialaccount", "model": "socialapp"}}, {"model": "contenttypes.contenttype", "fields": {"app_label": "socialaccount", "model": "socialtoken"}}, {"model": "contenttypes.contenttype", "fields": {"app_label": "reviews", "model": "review"}}, {"model": "contenttypes.contenttype", "fields": {"app_label": "checkout", "model": "purchase"}}, {"model": "sessions.session", "pk": "b0ai1c8mnn5vabb5cjmg68nkom6kbbhq", "fields": {"session_data": ".eJxVjMsOwiAUBf-FtSGUULAu3fsN5HIfFjVgSptojP-uTbrQ7Zk581IRlnmMS-MpZlIHZdXud0uAVy4roAuUc9VYyzzlpFdFb7TpUyW-HTf3LzBCG79vlyztO4PSQ-hRCD0GYWAfIFk_sBX03jN3QDIEZ4bkLBmD1IEzJLJGG7eWa4n8uOfpqQ7m_QHbvECL:1kt6c2:mMnDz3L-ukjkg63AofQRDKnpWZtKE06IS_omawmHx_s", "expire_date": "2021-01-09T10:15:50.999Z"}}, {"model": "sessions.session", "pk": "ch2ug4a6l51ql2lc9h0j8h9g1e0pzo9h", "fields": {"session_data": ".eJxVjU0OgyAQhe_CujGggOCuXoQMwxhJDTaCSZumd680Ltrl-_veiznYy-z2TJuLgQ1MsMuv5wFvlGoAy1LtBhDXPZXm2znj3FwPRalEhBLXNJ6rP9QMeT443op2ApSmDRik8kp7LUwg4HzqqraTVUZJ7QE6TT2KvpM2cGWsbYOACs2U83Hj6HGP25MN_P0Bv4dDXA:1ktN0a:PvTSPeKWpid9LNzIZ2LD4roX5jqx1wueA7DowMvRcts", "expire_date": "2021-01-10T03:46:16.837Z"}}, {"model": "sessions.session", "pk": "dlmduu3sdenor499imxag5lcbw9o88ho", "fields": {"session_data": ".eJxVjEEOwiAURO_C2hCgQPku3XsG8uGDVA0kpV0Z764kXehy5r2ZF_O4b8XvPa1-IXZmkp1-u4DxkeoAdMd6azy2uq1L4EPhB-382ig9L4f7d1Cwl-86gFQZo3aKImkTjA1WOkooRJ5GhgzGGW0D4mTTHOU8aSBhHIAiiez9AerJN6s:1kiVji:M6UxG6v15cyj55oYPJcjvCP0X0OX5GHPBG3DKiKFObQ", "expire_date": "2020-12-11T04:51:58.390Z"}}, {"model": "sessions.session", "pk": "jpp8fmd06hww86pcvnk9h1c7qz8bqq90", "fields": {"session_data": ".eJytUctqwzAQ_BVVl16M8SNyYh9DCr0USntMgllJa1uJI6WWDDUh_941hJJe2ksvYjU7M_u68BrG0NWjx6E2mlc85dE9JkEd0c4JfQDbulg5GwYj45kS37I-fnEa-_WN-8OgA9-RWpZp1oBarDKt9EJIUcgiXWmEJGny-V82pViJRSEB8gKXKl3mi1InYlWWmU5hNvXovXG2xs-zGSZeJYSdCIMWPZXYbne8rg-eGDd0x6MkykS04--jUoQ1Y99PzJvWombGMvAM9MnYeMf30S_ytXNHRpMwiUgqrUkeHFMwhIc_pG-oR4XsI0zMNcwEPDE5sZT5u47-y2NPW_KdO5-Nbeu5OV5d6KD0fJ82mNAjxa89TDg8evYMVksaj3IKArZu3izfjLZFZ2k9VrPNAO0ciycinQejyCDLhIg4dcSrgoqOMrgAPa_SXOTJ9Xr9AjZMxh0:1ksPpD:AjygBnwGOFHeFx8IXrMe8mrktnCG40iCbEo2QdsgzgU", "expire_date": "2021-01-07T12:34:35.824Z"}}, {"model": "sessions.session", "pk": "meken79jq4buj1256dai4otg7so3ulgg", "fields": {"session_data": ".eJxVjEEOwiAURO_C2hCgQPku3XsG8uGDVA0kpV0Z764kXehy5r2ZF_O4b8XvPa1-IXZmkp1-u4DxkeoAdMd6azy2uq1L4EPhB-382ig9L4f7d1Cwl-86gFQZo3aKImkTjA1WOkooRJ5GhgzGGW0D4mTTHOU8aSBhHIAiiez9AerJN6s:1kl319:n3uBJMclW0HxK6CLuh499ykB9BYip622FSzCrq36_x8", "expire_date": "2020-12-18T04:48:27.602Z"}}, {"model": "sessions.session", "pk": "thjaooi8et2jyxg4cyv801yqjqjctjqt", "fields": {"session_data": ".eJzdkc1OwzAQhF_F-ByiNGl-T6icOfXYVJZjbxK3jl3ZTqGq-u5soIA4cefo2Z1Ps54r5ULY2QR2Bqd6BZLBxJWmjZm1jr6nswdHG5rRiLIJvOcDeHzvdi1l7OCt-VJbGiVRmkQtfbamV27iQVlD4HGhEg8mkGCJt_oMWiv_5GYNYYRX67SMhZ3ilu6jf0DNkbqdhUCtx5-8EK8GA5IoQ7gnW_uJ_IuwsfZIRjR0AGiUEgkYSXAXHtC6X-rwaMLYDN5Oyl1ok6DG5zB-dMaU_KrtR-u4OIJZBvLAzWDxFhOc6uJlJb5PffxiJejNffcXABON6E5WaS7WRZ2XqYC1TKoqTcsOMlEnIq8Kzite9r2ooU5XheiLpJai7LN1wcsu60WBUD_a00mZgS0n0eZ6u70DwPHjcQ:1ksPqw:KfYCD_cb8jCToK6Mjw4R0SjGJk7-3mE_I4sm0j_lr7o", "expire_date": "2021-01-07T12:36:22.385Z"}}, {"model": "sessions.session", "pk": "xtmyrmxtk55tq4nhz3jr56konhier91x", "fields": {"session_data": ".eJxVjEEOwiAURO_C2hCgQPku3XsG8uGDVA0kpV0Z764kXehy5r2ZF_O4b8XvPa1-IXZmkp1-u4DxkeoAdMd6azy2uq1L4EPhB-382ig9L4f7d1Cwl-86gFQZo3aKImkTjA1WOkooRJ5GhgzGGW0D4mTTHOU8aSBhHIAiiez9AerJN6s:1kmDlc:qDgQpj7OLPr9hQZBxs_vS3R90MhvuT4xwMFF17r27-s", "expire_date": "2020-12-21T10:29:16.719Z"}}, {"model": "sites.site", "fields": {"domain": "https://8000-cb587c87-7de9-472c-8fcc-2d94ae5c99bf.ws-us03.gitpod.io/", "name": "gitpod"}}, {"model": "books.category", "pk": 1, "fields": {"title": "Dungeons and Dragons 5E", "publisher": "Wizards of the Coast"}}, {"model": "books.category", "pk": 2, "fields": {"title": "Call of Cthulhu", "publisher": "Chaosium"}}, {"model": "books.category", "pk": 3, "fields": {"title": "Blades in the Dark", "publisher": "Evil Hat Productions"}}, {"model": "books.category", "pk": 4, "fields": {"title": "Warhammer Fantasy Roleplay", "publisher": "Cubicle 7 Entertainment Ltd"}}, {"model": "books.category", "pk": 5, "fields": {"title": "Star Wars Roleplaying", "publisher": "Cubicle 7 Entertainment Ltd"}}, {"model": "books.category", "pk": 6, "fields": {"title": "Shadow of the Demon Lord", "publisher": "Schwalb Entertainment, LLC"}}, {"model": "books.category", "pk": 7, "fields": {"title": "Starfinder", "publisher": "Paizo Publishing"}}, {"model": "books.category", "pk": 8, "fields": {"title": "Legend of The Five Rings", "publisher": "Fantasy Flight Games"}}, {"model": "books.tag", "pk": 1, "fields": {"title": "Fun"}}, {"model": "books.tag", "pk": 2, "fields": {"title": "Beginner"}}, {"model": "books.tag", "pk": 3, "fields": {"title": "2-4px"}}, {"model": "books.tag", "pk": 4, "fields": {"title": "4px+"}}, {"model": "books.tag", "pk": 5, "fields": {"title": "NSFW"}}, {"model": "books.tag", "pk": 6, "fields": {"title": "RolePlay Heavy"}}, {"model": "books.tag", "pk": 7, "fields": {"title": "Combat Heavy"}}, {"model": "books.genre", "pk": 2, "fields": {"title": "Fantasy"}}, {"model": "books.genre", "pk": 3, "fields": {"title": "Sci-Fi"}}, {"model": "books.genre", "pk": 4, "fields": {"title": "Urban"}}, {"model": "books.genre", "pk": 5, "fields": {"title": "Horror"}}, {"model": "books.genre", "pk": 6, "fields": {"title": "Oriental"}}, {"model": "auth.permission", "fields": {"name": "Can add log entry", "content_type": ["admin", "logentry"], "codename": "add_logentry"}}, {"model": "auth.permission", "fields": {"name": "Can change log entry", "content_type": ["admin", "logentry"], "codename": "change_logentry"}}, {"model": "auth.permission", "fields": {"name": "Can delete log entry", "content_type": ["admin", "logentry"], "codename": "delete_logentry"}}, {"model": "auth.permission", "fields": {"name": "Can view log entry", "content_type": ["admin", "logentry"], "codename": "view_logentry"}}, {"model": "auth.permission", "fields": {"name": "Can add permission", "content_type": ["auth", "permission"], "codename": "add_permission"}}, {"model": "auth.permission", "fields": {"name": "Can change permission", "content_type": ["auth", "permission"], "codename": "change_permission"}}, {"model": "auth.permission", "fields": {"name": "Can delete permission", "content_type": ["auth", "permission"], "codename": "delete_permission"}}, {"model": "auth.permission", "fields": {"name": "Can view permission", "content_type": ["auth", "permission"], "codename": "view_permission"}}, {"model": "auth.permission", "fields": {"name": "Can add group", "content_type": ["auth", "group"], "codename": "add_group"}}, {"model": "auth.permission", "fields": {"name": "Can change group", "content_type": ["auth", "group"], "codename": "change_group"}}, {"model": "auth.permission", "fields": {"name": "Can delete group", "content_type": ["auth", "group"], "codename": "delete_group"}}, {"model": "auth.permission", "fields": {"name": "Can view group", "content_type": ["auth", "group"], "codename": "view_group"}}, {"model": "auth.permission", "fields": {"name": "Can add user", "content_type": ["auth", "user"], "codename": "add_user"}}, {"model": "auth.permission", "fields": {"name": "Can change user", "content_type": ["auth", "user"], "codename": "change_user"}}, {"model": "auth.permission", "fields": {"name": "Can delete user", "content_type": ["auth", "user"], "codename": "delete_user"}}, {"model": "auth.permission", "fields": {"name": "Can view user", "content_type": ["auth", "user"], "codename": "view_user"}}, {"model": "auth.permission", "fields": {"name": "Can add content type", "content_type": ["contenttypes", "contenttype"], "codename": "add_contenttype"}}, {"model": "auth.permission", "fields": {"name": "Can change content type", "content_type": ["contenttypes", "contenttype"], "codename": "change_contenttype"}}, {"model": "auth.permission", "fields": {"name": "Can delete content type", "content_type": ["contenttypes", "contenttype"], "codename": "delete_contenttype"}}, {"model": "auth.permission", "fields": {"name": "Can view content type", "content_type": ["contenttypes", "contenttype"], "codename": "view_contenttype"}}, {"model": "auth.permission", "fields": {"name": "Can add session", "content_type": ["sessions", "session"], "codename": "add_session"}}, {"model": "auth.permission", "fields": {"name": "Can change session", "content_type": ["sessions", "session"], "codename": "change_session"}}, {"model": "auth.permission", "fields": {"name": "Can delete session", "content_type": ["sessions", "session"], "codename": "delete_session"}}, {"model": "auth.permission", "fields": {"name": "Can view session", "content_type": ["sessions", "session"], "codename": "view_session"}}, {"model": "auth.permission", "fields": {"name": "Can add book", "content_type": ["books", "book"], "codename": "add_book"}}, {"model": "auth.permission", "fields": {"name": "Can change book", "content_type": ["books", "book"], "codename": "change_book"}}, {"model": "auth.permission", "fields": {"name": "Can delete book", "content_type": ["books", "book"], "codename": "delete_book"}}, {"model": "auth.permission", "fields": {"name": "Can view book", "content_type": ["books", "book"], "codename": "view_book"}}, {"model": "auth.permission", "fields": {"name": "Can add category", "content_type": ["books", "category"], "codename": "add_category"}}, {"model": "auth.permission", "fields": {"name": "Can change category", "content_type": ["books", "category"], "codename": "change_category"}}, {"model": "auth.permission", "fields": {"name": "Can delete category", "content_type": ["books", "category"], "codename": "delete_category"}}, {"model": "auth.permission", "fields": {"name": "Can view category", "content_type": ["books", "category"], "codename": "view_category"}}, {"model": "auth.permission", "fields": {"name": "Can add tag", "content_type": ["books", "tag"], "codename": "add_tag"}}, {"model": "auth.permission", "fields": {"name": "Can change tag", "content_type": ["books", "tag"], "codename": "change_tag"}}, {"model": "auth.permission", "fields": {"name": "Can delete tag", "content_type": ["books", "tag"], "codename": "delete_tag"}}, {"model": "auth.permission", "fields": {"name": "Can view tag", "content_type": ["books", "tag"], "codename": "view_tag"}}, {"model": "auth.permission", "fields": {"name": "Can add genre", "content_type": ["books", "genre"], "codename": "add_genre"}}, {"model": "auth.permission", "fields": {"name": "Can change genre", "content_type": ["books", "genre"], "codename": "change_genre"}}, {"model": "auth.permission", "fields": {"name": "Can delete genre", "content_type": ["books", "genre"], "codename": "delete_genre"}}, {"model": "auth.permission", "fields": {"name": "Can view genre", "content_type": ["books", "genre"], "codename": "view_genre"}}, {"model": "auth.permission", "fields": {"name": "Can add site", "content_type": ["sites", "site"], "codename": "add_site"}}, {"model": "auth.permission", "fields": {"name": "Can change site", "content_type": ["sites", "site"], "codename": "change_site"}}, {"model": "auth.permission", "fields": {"name": "Can delete site", "content_type": ["sites", "site"], "codename": "delete_site"}}, {"model": "auth.permission", "fields": {"name": "Can view site", "content_type": ["sites", "site"], "codename": "view_site"}}, {"model": "auth.permission", "fields": {"name": "Can add email address", "content_type": ["account", "emailaddress"], "codename": "add_emailaddress"}}, {"model": "auth.permission", "fields": {"name": "Can change email address", "content_type": ["account", "emailaddress"], "codename": "change_emailaddress"}}, {"model": "auth.permission", "fields": {"name": "Can delete email address", "content_type": ["account", "emailaddress"], "codename": "delete_emailaddress"}}, {"model": "auth.permission", "fields": {"name": "Can view email address", "content_type": ["account", "emailaddress"], "codename": "view_emailaddress"}}, {"model": "auth.permission", "fields": {"name": "Can add email confirmation", "content_type": ["account", "emailconfirmation"], "codename": "add_emailconfirmation"}}, {"model": "auth.permission", "fields": {"name": "Can change email confirmation", "content_type": ["account", "emailconfirmation"], "codename": "change_emailconfirmation"}}, {"model": "auth.permission", "fields": {"name": "Can delete email confirmation", "content_type": ["account", "emailconfirmation"], "codename": "delete_emailconfirmation"}}, {"model": "auth.permission", "fields": {"name": "Can view email confirmation", "content_type": ["account", "emailconfirmation"], "codename": "view_emailconfirmation"}}, {"model": "auth.permission", "fields": {"name": "Can add social account", "content_type": ["socialaccount", "socialaccount"], "codename": "add_socialaccount"}}, {"model": "auth.permission", "fields": {"name": "Can change social account", "content_type": ["socialaccount", "socialaccount"], "codename": "change_socialaccount"}}, {"model": "auth.permission", "fields": {"name": "Can delete social account", "content_type": ["socialaccount", "socialaccount"], "codename": "delete_socialaccount"}}, {"model": "auth.permission", "fields": {"name": "Can view social account", "content_type": ["socialaccount", "socialaccount"], "codename": "view_socialaccount"}}, {"model": "auth.permission", "fields": {"name": "Can add social application", "content_type": ["socialaccount", "socialapp"], "codename": "add_socialapp"}}, {"model": "auth.permission", "fields": {"name": "Can change social application", "content_type": ["socialaccount", "socialapp"], "codename": "change_socialapp"}}, {"model": "auth.permission", "fields": {"name": "Can delete social application", "content_type": ["socialaccount", "socialapp"], "codename": "delete_socialapp"}}, {"model": "auth.permission", "fields": {"name": "Can view social application", "content_type": ["socialaccount", "socialapp"], "codename": "view_socialapp"}}, {"model": "auth.permission", "fields": {"name": "Can add social application token", "content_type": ["socialaccount", "socialtoken"], "codename": "add_socialtoken"}}, {"model": "auth.permission", "fields": {"name": "Can change social application token", "content_type": ["socialaccount", "socialtoken"], "codename": "change_socialtoken"}}, {"model": "auth.permission", "fields": {"name": "Can delete social application token", "content_type": ["socialaccount", "socialtoken"], "codename": "delete_socialtoken"}}, {"model": "auth.permission", "fields": {"name": "Can view social application token", "content_type": ["socialaccount", "socialtoken"], "codename": "view_socialtoken"}}, {"model": "auth.permission", "fields": {"name": "Can add review", "content_type": ["reviews", "review"], "codename": "add_review"}}, {"model": "auth.permission", "fields": {"name": "Can change review", "content_type": ["reviews", "review"], "codename": "change_review"}}, {"model": "auth.permission", "fields": {"name": "Can delete review", "content_type": ["reviews", "review"], "codename": "delete_review"}}, {"model": "auth.permission", "fields": {"name": "Can view review", "content_type": ["reviews", "review"], "codename": "view_review"}}, {"model": "auth.permission", "fields": {"name": "Can add purchase", "content_type": ["checkout", "purchase"], "codename": "add_purchase"}}, {"model": "auth.permission", "fields": {"name": "Can change purchase", "content_type": ["checkout", "purchase"], "codename": "change_purchase"}}, {"model": "auth.permission", "fields": {"name": "Can delete purchase", "content_type": ["checkout", "purchase"], "codename": "delete_purchase"}}, {"model": "auth.permission", "fields": {"name": "Can view purchase", "content_type": ["checkout", "purchase"], "codename": "view_purchase"}}, {"model": "auth.user", "fields": {"password": "pbkdf2_sha256$216000$JJYhgem88TvQ$p9JWhPefWXgQfS7nS82y8vmhCY50xTPcsBHdnb+NJ4c=", "last_login": "2020-12-27T01:02:10.492Z", "is_superuser": true, "username": "admin", "first_name": "", "last_name": "", "email": "admin@email.com", "is_staff": true, "is_active": true, "date_joined": "2020-11-27T04:50:26.520Z", "groups": [], "user_permissions": []}}, {"model": "auth.user", "fields": {"password": "pbkdf2_sha256$216000$kC2wHpxPGbul$fzcYAASFTiYrMeqVTGjTo3aMZyhqcFnjFR88zSXbh5Y=", "last_login": "2020-12-27T01:01:35.141Z", "is_superuser": false, "username": "test", "first_name": "", "last_name": "", "email": "test@email.com", "is_staff": false, "is_active": true, "date_joined": "2020-12-22T00:47:25.133Z", "groups": [], "user_permissions": []}}, {"model": "auth.user", "fields": {"password": "pbkdf2_sha256$216000$ZvsorxIhQoes$mLcSwXTMQSeOhA5RK6O6NEFibGglGsTyXslewh2UTi8=", "last_login": "2020-12-24T12:32:23.490Z", "is_superuser": false, "username": "Sovellis", "first_name": "", "last_name": "", "email": "solvellis@ruletheworld.com", "is_staff": false, "is_active": true, "date_joined": "2020-12-24T12:30:20.469Z", "groups": [], "user_permissions": []}}, {"model": "auth.user", "fields": {"password": "pbkdf2_sha256$216000$oQZiwvvyC2sh$G/SktCR53bzP0xMBnlQP2dF88lXiwP3xuKk6XZvQJbI=", "last_login": "2020-12-26T01:54:21.109Z", "is_superuser": false, "username": "OmgOmg", "first_name": "", "last_name": "", "email": "omg@email.com", "is_staff": false, "is_active": true, "date_joined": "2020-12-26T01:40:16.608Z", "groups": [], "user_permissions": []}}, {"model": "account.emailaddress", "pk": 1, "fields": {"user": ["admin"], "email": "admin@email.com", "verified": true, "primary": true}}, {"model": "account.emailaddress", "pk": 2, "fields": {"user": ["test"], "email": "test@email.com", "verified": true, "primary": true}}, {"model": "account.emailaddress", "pk": 3, "fields": {"user": ["Sovellis"], "email": "solvellis@ruletheworld.com", "verified": true, "primary": true}}, {"model": "account.emailaddress", "pk": 4, "fields": {"user": ["OmgOmg"], "email": "omg@email.com", "verified": true, "primary": true}}, {"model": "books.book", "pk": 1, "fields": {"title": "Player's Handbook", "ISBN": "9780786965601", "category": 1, "release_date": 2014, "price": 2255, "reviews": 5, "cover": "image/upload/v1608546222/gqenq8miwchxmbjh7uf9.png", "description": "The Player’s Handbook is the essential reference for every Dungeons & Dragons roleplayer. It contains rules for character creation and advancement, backgrounds and skills, exploration and combat, equipment, spells, and much more. Use this book to create characters from among the most iconic D&D races and classes.", "owner": ["admin"], "genre": 2, "preview_1": "image/upload/v1608546223/ytlfuyhkcrvboitmpvkc.jpg", "preview_2": "image/upload/v1608546223/bpmpi6sxhte2mqqnzwf6.jpg", "preview_3": "image/upload/v1608546224/in9hz5qpdaogf4aiirtl.jpg", "tags": [1, 2, 3, 4]}}, {"model": "books.book", "pk": 2, "fields": {"title": "Tasha's Cauldron of Everything", "ISBN": "9780786967025", "category": 1, "release_date": 2020, "price": 2997, "reviews": 4, "cover": "image/upload/v1608546417/nippznhsi3q9806t6aae.png", "description": "The wizard Tasha, whose great works include the spell Tasha's hideous laughter, has gathered bits and bobs of precious lore during her illustrious career as an adventurer. Her enemies wouldn't want these treasured secrets scattered across the multiverse, so in defiance, she has collected and codified these tidbits for the enrichment of all.", "owner": ["admin"], "genre": 2, "preview_1": "image/upload/v1608546418/rdande1nsvybrtkd8gvs.jpg", "preview_2": "image/upload/v1608546418/gguvlun4evf1es2xea06.jpg", "preview_3": "image/upload/v1608546419/vnjfp7zi34wsylrdbzzp.jpg", "tags": [1, 2, 4]}}, {"model": "books.book", "pk": 3, "fields": {"title": "Keeper's RuleBook 7E", "ISBN": "978-1-56882-430-7", "category": 2, "release_date": 2016, "price": 5449, "reviews": 5, "cover": "image/upload/v1608546711/vdd3ondsedsgzpzj4bdu.png", "description": "The Keeper Rulebook, contains the core rules, background, guidance, spells, and monsters of the game. It is everything you need for Call of Cthulhu at your fingertips, and will enhance all of your games. The Keeper Rulebook is intended for use by the Keeper of Arcane Lore—the Game Master who will present the scenario to the other players.", "owner": ["admin"], "genre": 5, "preview_1": "image/upload/v1608546711/xu0eklm6isfsoyke4lc9.webp", "preview_2": "image/upload/v1608546712/zbsmkdeclzddjux1e1jo.jpg", "preview_3": "image/upload/v1608546712/wd1q7tvynu9kijhdbo27.jpg", "tags": [4, 6]}}, {"model": "books.book", "pk": 7, "fields": {"title": "Core Rule Book", "ISBN": "9781633443402", "category": 8, "release_date": 1997, "price": 4995, "reviews": 4, "cover": "image/upload/v1609031571/eb0bmv9d1atofyuddabv.png", "description": "Unique asian culture tabletop RPG with different mechanics to Roll20 System. Play as one of the 7 great clans to win mortal schemes, natural calamities, and celestial turmoil alike have disrupted the political, military, and spiritual equilibrium of the land!", "owner": ["admin"], "genre": 6, "preview_1": "image/upload/v1609031603/omwhfiy0ua9r5uvppv9i.jpg", "preview_2": "image/upload/v1609031608/ipoxaopw8j8oyk3wayvm.png", "preview_3": "image/upload/v1609031613/fpzg93ovwhxwkvagfqug.jpg", "tags": [3, 6, 7]}}, {"model": "books.book", "pk": 8, "fields": {"title": "Courts of Stone", "ISBN": "9781633443594", "category": 8, "release_date": 2019, "price": 3995, "reviews": 4, "cover": "image/upload/v1609031740/zrchlfaety4qfiner4ro.png", "description": "Great book with useful information relating to : * Courtly politics in the Rokugan setting. * Explaining how the Crane clan holds soft power by use of land and alliances, and how other clans use similar. * Gives more options for actions of spies, assassins, and diplomats. * Is generally well written", "owner": ["admin"], "genre": 6, "preview_1": "image/upload/v1609031757/n29r0epj8lmyjh9vbm58.png", "preview_2": "image/upload/v1609031762/qrhjbcevbs2ikc89qog4.webp", "preview_3": "image/upload/v1609031766/vy9dfkovaizpowqzztet.jpg", "tags": [3, 6, 7]}}, {"model": "books.book", "pk": 9, "fields": {"title": "Winter's Embrace", "ISBN": "9781633443600", "category": 8, "release_date": 2019, "price": 1995, "reviews": 4, "cover": "image/upload/v1609031861/chwnms8yk07odz6tpxm6.png", "description": "High production value. I will be interested to see how it plays out. Reads well. Additional content is available for download. If you want to expand the lore of your game, then you can pair this adventure with the \"Courts of Stone\" sourcebook", "owner": ["admin"], "genre": 6, "preview_1": "image/upload/v1609031886/msqc1l9l6vvotuysliof.png", "preview_2": "image/upload/v1609031890/jn6mkbx6kicvawurdlgj.jpg", "preview_3": "image/upload/v1609031897/f8owfkf92iqe36howlzg.jpg", "tags": [3, 6, 7]}}, {"model": "books.book", "pk": 10, "fields": {"title": "Blades in the Dark", "ISBN": "9781613171325", "category": 3, "release_date": 2017, "price": 3819, "reviews": 5, "cover": "image/upload/v1609033640/khmempau0aqrjnmk5mjo.png", "description": "It’s a must buy. Blades in the Dark is a landmark design. A next-generation storytelling rpg that satisfies players instinctually the way well-engineered board games do. A rare pairing for an rpg book. Blades in the Dark isn’t a great indie rpg. It’s a great rpg.", "owner": ["admin"], "genre": 4, "preview_1": "image/upload/v1609033643/p5cba7z77ruvojtan7mn.jpg", "preview_2": "image/upload/v1609033645/m69dqaj9ckr4y84erilv.jpg", "preview_3": "image/upload/v1609033648/q26w2edx2pusntxi28tp.png", "tags": [1, 2, 6]}}, {"model": "books.book", "pk": 11, "fields": {"title": "Core Rule Book 4E", "ISBN": "9780857443359", "category": 4, "release_date": 2018, "price": 3899, "reviews": 3, "cover": "image/upload/v1609032315/gektumn3rrwlhlivnvah.png", "description": "SJW BS aside; the game master can create a world to his choosing. The good: The game system is easy to learn and fun to play. Forget spending 1/2 the game session arguing or looking up rules. Role Play for a change! The Ugly: The game system is gritty!", "owner": ["admin"], "genre": 2, "preview_1": "image/upload/v1609032302/wnxobn2ibpmsjtglqcly.png", "preview_2": "image/upload/v1609032307/aswhwe3gfb9bq2ed24vd.png", "preview_3": "image/upload/v1609032311/b1ch81yxsbjbdkgsurrf.jpg", "tags": [5, 6, 7]}}, {"model": "books.book", "pk": 12, "fields": {"title": "Shadow of the Demon Lord", "ISBN": "9781495168864", "category": 6, "release_date": 2015, "price": 3999, "reviews": 5, "cover": "image/upload/v1609032461/uog9ufqriuvoeckikula.png", "description": "This game is darker in tone than the standard fantasy settings, and the mood and themes of the game come through evocatively on every page of the book... The game mechanics are solid, the core book contains everything the players and game master need to play. I highly recommend it!", "owner": ["admin"], "genre": 5, "preview_1": "image/upload/v1609032615/kodip3wludzaesnx0tot.png", "preview_2": "image/upload/v1609032622/yqbozbhhxgyqish0kdhj.jpg", "preview_3": "image/upload/v1609032627/qps95irqy8zshxszd8b2.jpg", "tags": [4, 5, 7]}}, {"model": "books.book", "pk": 13, "fields": {"title": "Core Rule Book", "ISBN": "9781601259561", "category": 7, "release_date": 2017, "price": 3299, "reviews": 5, "cover": "image/upload/v1609032843/ndzc2rohmfyn1zkefkoo.png", "description": "Starfinder retains the traditional fantasy races as choices for players (for example, elves, dwarves, and orcs), but offers a different set of races as the standard, including the reptilian vesk and rat-like ysoki, while also offering several non-traditional choices such as a \"seven-armed starfish\".", "owner": ["admin"], "genre": 3, "preview_1": "image/upload/v1609032863/epneavgmqpsnkn5dscc1.jpg", "preview_2": "image/upload/v1609032868/rafrnq18sr9voygphux3.jpg", "preview_3": "image/upload/v1609032873/syxi0hqlt3nre1uc8wz8.jpg", "tags": [1, 2, 3]}}, {"model": "books.book", "pk": 14, "fields": {"title": "Alien Archive 2", "ISBN": "9781601259752", "category": 7, "release_date": 2017, "price": 3999, "reviews": 5, "cover": "image/upload/v1609033192/aux8obvmll1kiuc3rwca.png", "description": "Battle or befriend more than 100 weird and alien life forms in this creature collection for the Starfinder Roleplaying Game! Every new world and space station comes with its own dangers, from strange new cultures to extraterrestrial predators to massive spacefaring organisms capable of battling starships. Inside this book, you’ll find rules and ecological information for creatures from across the known worlds, plus exotic alien gear, complete magical polymorphing rules, and more. A robust selection of template grafts gives you the tools you need to populate any planet with environment-appropriate fauna, and racial rules for many of the new species let you be the alien!", "owner": ["admin"], "genre": 3, "preview_1": "image/upload/v1609033193/qiqcix7uqzpe2lenxtxz.jpg", "preview_2": "image/upload/v1609033198/sr0qqstpnz4yq9ujupyr.jpg", "preview_3": "image/upload/v1609033203/vaa8esfxlcjutwvs4klw.jpg", "tags": [1, 2, 3]}}, {"model": "books.book", "pk": 15, "fields": {"title": "Investigator's Handbook", "ISBN": "9781568824499", "category": 2, "release_date": 2015, "price": 3399, "reviews": 4, "cover": "image/upload/v1609033557/ig8063lgltgn1k0zgwfg.png", "description": "Will you stand against the horrors of the night? Written for those who will be playing the roles of investigators, the Investigator Handbook contains expanded rules for creating players characters, a wealth of over 100 occupations and skill descriptions, as well as guidance on getting the most from the game. What s more, there s a range of organizations for your investigator to belong to, detailed information about the classic 1920s setting, equipment and weapons for both the 1920s and modern day, and expert tips and advice for all budding investigators.", "owner": ["admin"], "genre": 5, "preview_1": "image/upload/v1609033550/mvzeotk5qscjpzcdc53b.jpg", "preview_2": "image/upload/v1609033552/oxwctc3brl9rc4avict2.jpg", "preview_3": "image/upload/v1609033554/xklapycaemuykxmpblrz.jpg", "tags": [5, 6, 7]}}, {"model": "books.book", "pk": 16, "fields": {"title": "The Grand Grimoire of Cthulhu Mythos Magic", "ISBN": "9781568824055", "category": 2, "release_date": 2017, "price": 2822, "reviews": 5, "cover": "image/upload/v1609033851/sqaj25emx8nnc0w3v8j9.png", "description": "Over 550 spells of dire consequences, secrets, and unfathomable power! Here are gathered spells drawn from over thirty years of Call of Cthulhu supplements and scenarios. Each spell has been revised for the Call of Cthulhu 7th edition game, including optional Deeper Magic for the most powerful of Mythos sorcerers and monsters, with which to beguile and confound investigators. Packed full of advice and guidance on diverse matters including spell names, elements of spell casting, magical components, and astronomical considerations. Plus flawed spells, ley lines, folk magic, and the magic of the Dreamlands.", "owner": ["admin"], "genre": 5, "preview_1": "image/upload/v1609033866/apfksixigr105zq3rw7a.webp", "preview_2": "image/upload/v1609033868/j2wuppjrpq8cnca66xqc.jpg", "preview_3": "image/upload/v1609033871/vmggbreilz1segnoi50o.jpg", "tags": [5, 6, 7]}}, {"model": "books.book", "pk": 17, "fields": {"title": "Doors to Darkness", "ISBN": "9781568824376", "category": 2, "release_date": 2018, "price": 2499, "reviews": 4, "cover": "image/upload/v1609034099/gcdzlfq3njm8wiygqd9a.png", "description": "All of these scenarios have been written with the beginning Keepers and players in mind. Each scenario introduces those new to Call of Cthulhu to roleplaying horror, mystery, investigation, character interactions, monsters, magic, the basics of the Cthulhu Mythos, Sanity point loss, and combat. Furthermore, sprinkled throughout each scenario are Keeper Suggestions on how best to run the adventures, overcome possible obstacles, and generally ensure the most fun for all the players. Veteran Call of Cthulhu writer, Kevin Ross, has penned a chapter full of advice on how to run Call of Cthulhu and what makes the game so different than almost any other roleplaying game out there.", "owner": ["admin"], "genre": 5, "preview_1": "image/upload/v1609034102/ed56aein2zt5j4wptkkg.jpg", "preview_2": "image/upload/v1609034104/mkiww7u2jlbapytb4hm3.jpg", "preview_3": "image/upload/v1609034107/vssdajxsx9kuwsgooico.jpg", "tags": [5, 6, 7]}}, {"model": "books.book", "pk": 18, "fields": {"title": "Edge of Empire", "ISBN": "9781616616571", "category": 5, "release_date": 2012, "price": 5995, "reviews": 5, "cover": "image/upload/v1609034542/rccu6xirgovvw2vkos2h.png", "description": "Play your trade as a smuggler in the Outer Rim, collect bounties on the scum that live in the shadows of Coruscant, or try to establish a new colony on a planet beneath the Empire’s notice. The 448-page Core Rulebook includes everything players and GMs need to begin in their Star Wars roleplay campaign: An introduction to roleplaying in the Star Wars universe Concise rules allow you to quickly generate and advance all manner of memorable characters Clear descriptions of the game’s skills and talents Convenient charts of weapons, gear, devices, starships, and vehicles Rules for conflict, combat, and Force Sensitive Exiles in an Edge of the Empire campaign Extensive background information on the Star Wars universe, its systems, laws, and criminal organizations.", "owner": ["admin"], "genre": 3, "preview_1": "image/upload/v1609034550/oxcrfkbrdumzvaarjcmw.png", "preview_2": "image/upload/v1609034553/t90cznwp5p80rypwedji.jpg", "preview_3": "image/upload/v1609034558/ihdfxceehalyk1mtod4t.jpg", "tags": [1, 2, 3]}}, {"model": "books.book", "pk": 19, "fields": {"title": "Age of Rebellion", "ISBN": "9781302917074", "category": 5, "release_date": 2014, "price": 2755, "reviews": 5, "cover": "image/upload/v1609035045/nzmvjt1xjylmogp93mit.png", "description": "Gather your friends and get ready for adventure in the Star Wars galaxy with the Star Wars®: Age of Rebellion™ Beginner Game. Whether you are brand-new to roleplaying or just new to Age of Rebellion, the Beginner Game is the perfect starting point for players of all skill levels. The Age of Rebellion Beginner Game is a complete, standalone game for three to five players. Open the box and begin playing immediately! Four pre-generated characters and a complete, learn-as-you-go adventure allow you to dive right into the conflicts between the daring members of the Rebel Alliance and the vast military might of the galactic Empire.", "owner": ["admin"], "genre": 3, "preview_1": "image/upload/v1609035050/dp8ul3j7gme0nphg7dcz.jpg", "preview_2": "image/upload/v1609035055/u8neay8c0kfb4aosb3lt.jpg", "preview_3": "image/upload/v1609035059/kn4hmqbax1fwrtxti5j8.jpg", "tags": [1, 2, 3]}}, {"model": "books.book", "pk": 20, "fields": {"title": "Guildmaster's Guild to Ravnica", "ISBN": "9780786966592", "category": 1, "release_date": 2018, "price": 3999, "reviews": 5, "cover": "image/upload/v1609035528/ktds7wyr6wmgzdgp3gc5.png", "description": "With the Guildmasters’ Guide to Ravnica, you can create characters and run adventures on Ravnica, one of the richest, most beloved settings in Magic: The Gathering.\r\n\r\nRavnica is a worldwide cityscape, teeming with intrigue, driven by conflict between 10 powerful guilds, each with its own identity and interests.", "owner": ["admin"], "genre": 2, "preview_1": "image/upload/v1609035529/iuxgfx4k20vxwkejd6oh.jpg", "preview_2": "image/upload/v1609035532/sgkwkpx2h1vhxsrgi4ep.png", "preview_3": "image/upload/v1609035538/mokq0hn5dds6u0kf4k7b.jpg", "tags": [3, 4, 7]}}, {"model": "books.book", "pk": 21, "fields": {"title": "Monster Manual", "ISBN": "9780786965618", "category": 1, "release_date": 2008, "price": 2749, "reviews": 4, "cover": "image/upload/v1609040740/g2nrbooykkiq0occtxc6.png", "description": "The Monster Manual teaches you how to how to fill your Dungeons & Dragons games with monsters—how to populate the game with pesky goblins and mighty dragons for players to battle or beguile, outwit or outrun. Inside the Monster Manual you’ll find more than 150 classic D&D creatures, with vivid illustrations and rich descriptions to help breathe life into your zombies and liches.", "owner": ["admin"], "genre": 2, "preview_1": "image/upload/v1609040745/shctwifcjhmmhzxs41xf.jpg", "preview_2": "image/upload/v1609040748/ym6zhyuewbt7mjiqqtoa.jpg", "preview_3": "image/upload/v1609040751/w9efvtlv4cu3pupbeemi.jpg", "tags": [1, 2, 7]}}, {"model": "reviews.review", "pk": 1, "fields": {"title": "Most popular and easy to pick up", "book": 1, "content": "Easiest to pick up if you are new to table top rpgs. Well crafted with alot of content!", "date": "2020-12-22", "user": ["admin"], "rating": 5}}, {"model": "reviews.review", "pk": 2, "fields": {"title": "Fun for all ages!", "book": 1, "content": "Easy fun if you got a great group and a good dungeon master. Lot's to roleplay and great stories to tell! Great for bonding. Highly recommended!!!", "date": "2020-12-22", "user": ["test"], "rating": 5}}, {"model": "reviews.review", "pk": 3, "fields": {"title": "Essential and reasonably priced", "book": 1, "content": "Essential for every player. Get the hard cover copy as you will be flipping this book very often.", "date": "2020-12-22", "user": ["admin"], "rating": 4}}, {"model": "reviews.review", "pk": 4, "fields": {"title": "Testing Comment", "book": 1, "content": "Buy this book quick and easy", "date": "2020-12-22", "user": ["admin"], "rating": 5}}, {"model": "reviews.review", "pk": 15, "fields": {"title": "Simple book simple game", "book": 1, "content": "Not as much fun, have to create everything...", "date": "2020-12-26", "user": ["OmgOmg"], "rating": 2}}, {"model": "reviews.review", "pk": 16, "fields": {"title": "Best Horror Lovecraftian", "book": 3, "content": "Love the suspense and horror, must get !", "date": "2020-12-26", "user": ["OmgOmg"], "rating": 5}}, {"model": "reviews.review", "pk": 17, "fields": {"title": "The Ugly Business", "book": 1, "content": "Rough book for everything d20", "date": "2020-12-26", "user": ["test"], "rating": 4}}, {"model": "reviews.review", "pk": 18, "fields": {"title": "Additional Fun!", "book": 14, "content": "Contains 80 creatures and races. From the gravity-manipulating frujais and planet-killing novaspawn to space goblins and security robots, the creatures in this codex will challenge adventurers no matter what strange worlds they're exploring, or become them!", "date": "2020-12-27", "user": ["admin"], "rating": 4}}, {"model": "reviews.review", "pk": 19, "fields": {"title": "New dangers, new investigations", "book": 17, "content": "These five scenarios are somewhat more involved than the introductory scenarios found in the Starter Set and Quick Start Guide. If a Keeper wants to begin building an ongoing campaign after running the Starter Set material, the DTD scenarios provide an excellent bridge to the more advanced scenarios", "date": "2020-12-27", "user": ["admin"], "rating": 5}}, {"model": "reviews.review", "pk": 20, "fields": {"title": "New Magic, great book overall", "book": 16, "content": "+ Exhaustive content. Plenty of spells, rituals, potions, ect all. + Solid production values. Full color. Good art and page layouts. +/- Some new systems but could have been further developed. - Everything is lumped together alphabetically. Gorgeous design!", "date": "2020-12-27", "user": ["admin"], "rating": 5}}, {"model": "reviews.review", "pk": 21, "fields": {"title": "Not required", "book": 15, "content": "This book isn't required to play Call of Cthulu but does help give a better idea of the amount of freedom the Call of Cthulul system has. The Investigators Handbook's premade occupation skill sets make creation a lot easier and chapter 8 is a fun way to pull ideas for characters and motivations.", "date": "2020-12-27", "user": ["admin"], "rating": 3}}, {"model": "reviews.review", "pk": 22, "fields": {"title": "Fun start for beginners", "book": 18, "content": "Edge of the Empire uses a skill check system which uses a pool of custom dice. You roll a pool of “positive” and “negative” dice and compare their results. If your successes outnumber your failures, your character succeeds, but even successes may be loaded with myriad dramatic possibilities.", "date": "2020-12-27", "user": ["admin"], "rating": 4}}, {"model": "reviews.review", "pk": 23, "fields": {"title": "Great for younglings", "book": 19, "content": "Good value for everything you get. The starting adventure is nicely written so players can more easily learn how to play 'Star Wars' in stages and while the game evolves. The pre-generated character sheets are nicely illustrated and laid out.", "date": "2020-12-27", "user": ["admin"], "rating": 5}}, {"model": "reviews.review", "pk": 24, "fields": {"title": "MTG meets DnD", "book": 20, "content": "Ravnica is defined by the conflicts and alliances between 10 powerful guilds, with references to Magic: The Gathering. Books contains all items, monsters, lore to the setting, in one easy reference.", "date": "2020-12-27", "user": ["admin"], "rating": 5}}, {"model": "reviews.review", "pk": 25, "fields": {"title": "Great illustrations and details!", "book": 21, "content": "The Monster Manual teaches you how to how to fill your Dungeons & Dragons games with monsters--how to populate the game with pesky goblins and mighty dragons for players to battle or beguile, outwit or outrun. You'll find more than 150 classic D&D creatures, with vivid illustrations!", "date": "2020-12-27", "user": ["admin"], "rating": 5}}, {"model": "admin.logentry", "pk": 1, "fields": {"action_time": "2020-12-04T04:52:33.303Z", "user": ["admin"], "content_type": ["books", "category"], "object_id": "1", "object_repr": "Dungeons and Dragons 5E", "action_flag": 1, "change_message": "[{\"added\": {}}]"}}, {"model": "admin.logentry", "pk": 2, "fields": {"action_time": "2020-12-04T07:07:19.429Z", "user": ["admin"], "content_type": ["books", "book"], "object_id": "1", "object_repr": "Player's Handbook", "action_flag": 1, "change_message": "[{\"added\": {}}]"}}, {"model": "admin.logentry", "pk": 3, "fields": {"action_time": "2020-12-04T08:53:09.680Z", "user": ["admin"], "content_type": ["books", "book"], "object_id": "2", "object_repr": "Tasha's Cauldron of Everything", "action_flag": 1, "change_message": "[{\"added\": {}}]"}}, {"model": "admin.logentry", "pk": 4, "fields": {"action_time": "2020-12-12T02:06:18.267Z", "user": ["admin"], "content_type": ["books", "book"], "object_id": "2", "object_repr": "Tasha's Cauldron of Everything", "action_flag": 3, "change_message": ""}}, {"model": "admin.logentry", "pk": 5, "fields": {"action_time": "2020-12-12T02:06:18.299Z", "user": ["admin"], "content_type": ["books", "book"], "object_id": "1", "object_repr": "Player's Handbook", "action_flag": 3, "change_message": ""}}, {"model": "admin.logentry", "pk": 6, "fields": {"action_time": "2020-12-12T02:07:05.447Z", "user": ["admin"], "content_type": ["books", "genre"], "object_id": "1", "object_repr": "None", "action_flag": 1, "change_message": "[{\"added\": {}}]"}}, {"model": "admin.logentry", "pk": 7, "fields": {"action_time": "2020-12-12T02:07:10.656Z", "user": ["admin"], "content_type": ["books", "genre"], "object_id": "2", "object_repr": "Fantasy", "action_flag": 1, "change_message": "[{\"added\": {}}]"}}, {"model": "admin.logentry", "pk": 8, "fields": {"action_time": "2020-12-12T02:07:20.772Z", "user": ["admin"], "content_type": ["books", "genre"], "object_id": "3", "object_repr": "Sci-Fi", "action_flag": 1, "change_message": "[{\"added\": {}}]"}}, {"model": "admin.logentry", "pk": 9, "fields": {"action_time": "2020-12-12T02:07:27.039Z", "user": ["admin"], "content_type": ["books", "genre"], "object_id": "4", "object_repr": "Urban", "action_flag": 1, "change_message": "[{\"added\": {}}]"}}, {"model": "admin.logentry", "pk": 10, "fields": {"action_time": "2020-12-12T02:07:32.686Z", "user": ["admin"], "content_type": ["books", "genre"], "object_id": "5", "object_repr": "Horror", "action_flag": 1, "change_message": "[{\"added\": {}}]"}}, {"model": "admin.logentry", "pk": 11, "fields": {"action_time": "2020-12-12T02:13:29.800Z", "user": ["admin"], "content_type": ["books", "tag"], "object_id": "1", "object_repr": "Fun", "action_flag": 1, "change_message": "[{\"added\": {}}]"}}, {"model": "admin.logentry", "pk": 12, "fields": {"action_time": "2020-12-12T02:13:47.766Z", "user": ["admin"], "content_type": ["books", "tag"], "object_id": "2", "object_repr": "Beginner", "action_flag": 1, "change_message": "[{\"added\": {}}]"}}, {"model": "admin.logentry", "pk": 13, "fields": {"action_time": "2020-12-12T02:13:57.003Z", "user": ["admin"], "content_type": ["books", "tag"], "object_id": "3", "object_repr": "2-4px", "action_flag": 1, "change_message": "[{\"added\": {}}]"}}, {"model": "admin.logentry", "pk": 14, "fields": {"action_time": "2020-12-12T02:14:05.393Z", "user": ["admin"], "content_type": ["books", "tag"], "object_id": "4", "object_repr": "4px+", "action_flag": 1, "change_message": "[{\"added\": {}}]"}}, {"model": "admin.logentry", "pk": 15, "fields": {"action_time": "2020-12-12T02:14:25.151Z", "user": ["admin"], "content_type": ["books", "tag"], "object_id": "5", "object_repr": "NSFW", "action_flag": 1, "change_message": "[{\"added\": {}}]"}}, {"model": "admin.logentry", "pk": 16, "fields": {"action_time": "2020-12-12T02:15:15.165Z", "user": ["admin"], "content_type": ["books", "tag"], "object_id": "6", "object_repr": "RolePlay Heavy", "action_flag": 1, "change_message": "[{\"added\": {}}]"}}, {"model": "admin.logentry", "pk": 17, "fields": {"action_time": "2020-12-12T02:15:29.164Z", "user": ["admin"], "content_type": ["books", "tag"], "object_id": "7", "object_repr": "Combat Heavy", "action_flag": 1, "change_message": "[{\"added\": {}}]"}}, {"model": "admin.logentry", "pk": 18, "fields": {"action_time": "2020-12-12T02:16:12.050Z", "user": ["admin"], "content_type": ["books", "book"], "object_id": "1", "object_repr": "Player's Handbook", "action_flag": 1, "change_message": "[{\"added\": {}}]"}}, {"model": "admin.logentry", "pk": 19, "fields": {"action_time": "2020-12-12T02:17:33.763Z", "user": ["admin"], "content_type": ["books", "book"], "object_id": "2", "object_repr": "Tasha's Cauldron of Everything", "action_flag": 1, "change_message": "[{\"added\": {}}]"}}, {"model": "admin.logentry", "pk": 20, "fields": {"action_time": "2020-12-12T02:18:09.950Z", "user": ["admin"], "content_type": ["books", "book"], "object_id": "1", "object_repr": "Player's Handbook", "action_flag": 2, "change_message": "[{\"changed\": {\"fields\": [\"Release date\"]}}]"}}, {"model": "admin.logentry", "pk": 21, "fields": {"action_time": "2020-12-12T05:32:51.129Z", "user": ["admin"], "content_type": ["books", "category"], "object_id": "2", "object_repr": "Call of Cthulhu", "action_flag": 1, "change_message": "[{\"added\": {}}]"}}, {"model": "admin.logentry", "pk": 22, "fields": {"action_time": "2020-12-12T07:06:08.118Z", "user": ["admin"], "content_type": ["books", "book"], "object_id": "3", "object_repr": "Keeper's RuleBook 7E", "action_flag": 2, "change_message": "[{\"changed\": {\"fields\": [\"Title\"]}}]"}}, {"model": "admin.logentry", "pk": 23, "fields": {"action_time": "2020-12-14T07:53:25.425Z", "user": ["admin"], "content_type": ["books", "genre"], "object_id": "1", "object_repr": "None", "action_flag": 3, "change_message": ""}}, {"model": "admin.logentry", "pk": 24, "fields": {"action_time": "2020-12-21T10:18:43.813Z", "user": ["admin"], "content_type": ["books", "book"], "object_id": "3", "object_repr": "Keeper's RuleBook 7E", "action_flag": 3, "change_message": ""}}, {"model": "admin.logentry", "pk": 25, "fields": {"action_time": "2020-12-21T10:18:43.841Z", "user": ["admin"], "content_type": ["books", "book"], "object_id": "2", "object_repr": "Tasha's Cauldron of Everything", "action_flag": 3, "change_message": ""}}, {"model": "admin.logentry", "pk": 26, "fields": {"action_time": "2020-12-21T10:18:43.859Z", "user": ["admin"], "content_type": ["books", "book"], "object_id": "1", "object_repr": "Player's Handbook", "action_flag": 3, "change_message": ""}}, {"model": "admin.logentry", "pk": 27, "fields": {"action_time": "2020-12-21T10:23:44.631Z", "user": ["admin"], "content_type": ["books", "book"], "object_id": "1", "object_repr": "Player's Handbook", "action_flag": 1, "change_message": "[{\"added\": {}}]"}}, {"model": "admin.logentry", "pk": 28, "fields": {"action_time": "2020-12-21T10:26:59.647Z", "user": ["admin"], "content_type": ["books", "book"], "object_id": "2", "object_repr": "Tasha's Cauldron of Everything", "action_flag": 1, "change_message": "[{\"added\": {}}]"}}, {"model": "admin.logentry", "pk": 29, "fields": {"action_time": "2020-12-21T10:31:52.734Z", "user": ["admin"], "content_type": ["books", "book"], "object_id": "3", "object_repr": "Keeper's RuleBook 7E", "action_flag": 1, "change_message": "[{\"added\": {}}]"}}, {"model": "admin.logentry", "pk": 30, "fields": {"action_time": "2020-12-21T12:09:01.698Z", "user": ["admin"], "content_type": ["account", "emailaddress"], "object_id": "1", "object_repr": "admin@email.com", "action_flag": 1, "change_message": "[{\"added\": {}}]"}}, {"model": "admin.logentry", "pk": 31, "fields": {"action_time": "2020-12-21T12:10:51.196Z", "user": ["admin"], "content_type": ["sites", "site"], "object_id": "2", "object_repr": "tt6market.com", "action_flag": 1, "change_message": "[{\"added\": {}}]"}}, {"model": "admin.logentry", "pk": 32, "fields": {"action_time": "2020-12-21T12:11:01.104Z", "user": ["admin"], "content_type": ["sites", "site"], "object_id": "1", "object_repr": "example.com", "action_flag": 3, "change_message": ""}}, {"model": "admin.logentry", "pk": 33, "fields": {"action_time": "2020-12-22T06:00:46.490Z", "user": ["admin"], "content_type": ["reviews", "review"], "object_id": "1", "object_repr": "Most popular and easy to pick up", "action_flag": 1, "change_message": "[{\"added\": {}}]"}}, {"model": "admin.logentry", "pk": 34, "fields": {"action_time": "2020-12-22T08:24:55.337Z", "user": ["admin"], "content_type": ["reviews", "review"], "object_id": "2", "object_repr": "Fun for all ages!", "action_flag": 1, "change_message": "[{\"added\": {}}]"}}, {"model": "admin.logentry", "pk": 35, "fields": {"action_time": "2020-12-24T12:07:29.667Z", "user": ["admin"], "content_type": ["sites", "site"], "object_id": "2", "object_repr": "https://tt6market.com", "action_flag": 2, "change_message": "[{\"changed\": {\"fields\": [\"Domain name\"]}}]"}}, {"model": "admin.logentry", "pk": 36, "fields": {"action_time": "2020-12-24T12:12:49.809Z", "user": ["admin"], "content_type": ["sites", "site"], "object_id": "2", "object_repr": "https://tt6market.com", "action_flag": 3, "change_message": ""}}, {"model": "admin.logentry", "pk": 37, "fields": {"action_time": "2020-12-24T12:15:31.037Z", "user": ["admin"], "content_type": ["sites", "site"], "object_id": "3", "object_repr": "https://8000-cb587c87-7de9-472c-8fcc-2d94ae5c99bf.ws-us03.gitpod.io/", "action_flag": 2, "change_message": "[{\"changed\": {\"fields\": [\"Domain name\", \"Display name\"]}}]"}}, {"model": "admin.logentry", "pk": 38, "fields": {"action_time": "2020-12-24T12:32:12.753Z", "user": ["admin"], "content_type": ["account", "emailaddress"], "object_id": "3", "object_repr": "solvellis@ruletheworld.com", "action_flag": 2, "change_message": "[{\"changed\": {\"fields\": [\"Verified\"]}}]"}}, {"model": "admin.logentry", "pk": 39, "fields": {"action_time": "2020-12-26T01:41:17.940Z", "user": ["admin"], "content_type": ["account", "emailaddress"], "object_id": "4", "object_repr": "omg@email.com", "action_flag": 2, "change_message": "[{\"changed\": {\"fields\": [\"Verified\"]}}]"}}, {"model": "admin.logentry", "pk": 40, "fields": {"action_time": "2020-12-26T13:00:22.997Z", "user": ["admin"], "content_type": ["books", "category"], "object_id": "3", "object_repr": "Blades in the Dark", "action_flag": 1, "change_message": "[{\"added\": {}}]"}}, {"model": "admin.logentry", "pk": 41, "fields": {"action_time": "2020-12-26T13:00:55.857Z", "user": ["admin"], "content_type": ["books", "category"], "object_id": "4", "object_repr": "Warhammer Fantasy Roleplay", "action_flag": 1, "change_message": "[{\"added\": {}}]"}}, {"model": "admin.logentry", "pk": 42, "fields": {"action_time": "2020-12-26T13:01:15.952Z", "user": ["admin"], "content_type": ["books", "category"], "object_id": "5", "object_repr": "Star Wars Roleplaying", "action_flag": 1, "change_message": "[{\"added\": {}}]"}}, {"model": "admin.logentry", "pk": 43, "fields": {"action_time": "2020-12-26T13:01:35.157Z", "user": ["admin"], "content_type": ["books", "category"], "object_id": "6", "object_repr": "Shadow of the Demon Lord", "action_flag": 1, "change_message": "[{\"added\": {}}]"}}, {"model": "admin.logentry", "pk": 44, "fields": {"action_time": "2020-12-26T13:01:57.730Z", "user": ["admin"], "content_type": ["books", "category"], "object_id": "7", "object_repr": "Starfinder", "action_flag": 1, "change_message": "[{\"added\": {}}]"}}, {"model": "admin.logentry", "pk": 45, "fields": {"action_time": "2020-12-26T13:02:15.512Z", "user": ["admin"], "content_type": ["books", "category"], "object_id": "8", "object_repr": "Legend of The Five Rings", "action_flag": 1, "change_message": "[{\"added\": {}}]"}}, {"model": "admin.logentry", "pk": 46, "fields": {"action_time": "2020-12-26T13:02:40.969Z", "user": ["admin"], "content_type": ["books", "genre"], "object_id": "6", "object_repr": "Oriental", "action_flag": 1, "change_message": "[{\"added\": {}}]"}}, {"model": "admin.logentry", "pk": 47, "fields": {"action_time": "2020-12-27T01:59:05.673Z", "user": ["admin"], "content_type": ["books", "category"], "object_id": "5", "object_repr": "Star Wars Roleplaying", "action_flag": 2, "change_message": "[{\"changed\": {\"fields\": [\"Publisher\"]}}]"}}]